<?xml version="1.0" encoding="utf-8"?>
<extension type="module" version="3.1.0" client="site" method="upgrade">
    <name>Twitch Stream</name>
    <author>ZoR Systems</author>
    <version>1.0.1</version>
    <description>A module to stream a twitch channel</description>
    <files>
        <filename>mod_twitchstream.xml</filename>
        <filename module="mod_twitchstream">mod_twitchstream.php</filename>
        <filename>index.html</filename>
        <filename>helper.php</filename>
        <filename>tmpl/default.php</filename>
        <filename>tmpl/index.html</filename>
    </files>
    <config>
		<fields name="params">
			<fieldset name="basic">
				<field
					name="streamer"
					type="text"
				/>
			</fieldset>
		</fields>
    </config>
</extension>